https://www.iasg.com/en-us/groups/group/purple-valley-capital-inc-/program/diversified-trend-1
https://www.iasg.com/en-us/groups/group/ais-capital-management-l-p-/program/maap-3x-6x-composite
https://www.iasg.com/en-us/groups/group/glenhaven-capital-llc/program/glenhaven-global-ii-lp
https://www.iasg.com/en-us/groups/group/ais-capital-management-l-p-/program/maap-2x-4x-composite
https://www.iasg.com/en-us/groups/group/tomas-capital-pty-ltd/program/gcaf-usd
https://www.iasg.com/en-us/groups/group/tomas-capital-pty-ltd/program/gcaf-aud-managed-by-tomas-capital-australia-pty-ltd-
https://www.iasg.com/en-us/groups/group/martin-fund-management-llc/program/martin-options-program2
https://www.iasg.com/en-us/groups/group/superfund-group/program/superfund-green-silver-sicav
https://www.iasg.com/en-us/groups/group/mulvaney-capital-management/program/the-mulvaney-global-markets-fund
https://www.iasg.com/en-us/groups/group/algocentric-capital-llc/program/algo-ii-program
https://www.iasg.com/en-us/groups/group/ditsch-trading-llc/program/agricultural-trading-program
https://www.iasg.com/en-us/groups/group/anderson-creek-trading/program/standard-diversified-strategy-prop-
https://www.iasg.com/en-us/groups/group/anderson-creek-trading/program/standard-diversified-strategy
https://www.iasg.com/en-us/groups/group/worldwide-capital-strategies/program/profit-quest-macro-world
https://www.iasg.com/en-us/groups/group/dreiss-research/program/diversified-program
https://www.iasg.com/en-us/groups/group/silicon-valley-quantitative-advisors/program/uqp-small
https://www.iasg.com/en-us/groups/group/melissinos-trading/program/eupatrid-global-trends
https://www.iasg.com/en-us/groups/group/robust-methods-llc/program/macro-managed-account
https://www.iasg.com/en-us/groups/group/incline-investment-management-llc/program/crystal-bay-ubitrend2
https://www.iasg.com/en-us/groups/group/quantica-capital-ag/program/2x-quantica-managed-futures-fund
https://www.iasg.com/en-us/groups/group/wavefront-global-asset-management-/program/imfc-global-investment-program
https://www.iasg.com/en-us/groups/group/tactical-investment-management/program/tactical-institutional-commodity-fund
https://www.iasg.com/en-us/groups/group/tactical-investment-management/program/tactical-institutional-futures-program
https://www.iasg.com/en-us/groups/group/silicon-valley-quantitative-advisors/program/uqp
https://www.iasg.com/en-us/groups/group/emil-van-essen/program/long-short-commodity-program-accelerated-
https://www.iasg.com/en-us/groups/group/superfund-group/program/superfund-green-gold-sicav
https://www.iasg.com/en-us/groups/group/superfund-group/program/gold-b-spc
https://www.iasg.com/en-us/groups/group/resolve-asset-management-inc-/program/adaptive-asset-allocation-20v
https://www.iasg.com/en-us/groups/group/salus-alpha-capital-ltd/program/salus-alpha-directional-markets-dmx-
https://www.iasg.com/en-us/groups/group/silicon-valley-quantitative-advisors/program/uqp-large
https://www.iasg.com/en-us/groups/group/absolute-return-capital-management/program/diversified-momentum-strategy
https://www.iasg.com/en-us/groups/group/smn-investment-services-gmbh/program/smn-diversified-futures-fund-i14-
https://www.iasg.com/en-us/groups/group/chesapeake-capital/program/diversified-plus-hv-
https://www.iasg.com/en-us/groups/group/smn-investment-services-gmbh/program/smn-diversified-futures-fund-1996-
https://www.iasg.com/en-us/groups/group/red-rock-capital-llc/program/systematic-global-macro	
https://www.iasg.com/en-us/groups/group/ms-capital-management/program/global-diversified-program
https://www.iasg.com/en-us/groups/group/metolius-capital-llc/program/metolius-enhanced-fund
https://www.iasg.com/en-us/groups/group/dunn-capital-management/program/d-best-futures-fund-l-p-
https://www.iasg.com/en-us/groups/group/ftc-capital-gmbh1/program/ftc-futures-fund-classic-usd-
https://www.iasg.com/en-us/groups/group/ftc-capital-gmbh1/program/ftc-trend-select
https://www.iasg.com/en-us/groups/group/superfund-group/program/gold-a-spc
https://www.iasg.com/en-us/groups/group/meyers-capital-management-llc/program/meyers-capital-management-llc2
https://www.iasg.com/en-us/groups/group/hamer-trading/program/diversified-systematic-program
https://www.iasg.com/en-us/groups/group/ftc-capital-gmbh1/program/ftc-futures-fund-classic-eur-
https://www.iasg.com/en-us/groups/group/opus-futures-llc/program/advanced-ag-futures-trading-program
https://www.iasg.com/en-us/groups/group/emc-capital-advisors-llc/program/classic
https://www.iasg.com/en-us/groups/group/algocentric-capital-llc/program/algo-i
https://www.iasg.com/en-us/groups/group/bocken-trading-llc/program/discretionary-trading-program
https://www.iasg.com/en-us/groups/group/chesapeake-capital/program/diversified-lv-
https://www.iasg.com/en-us/groups/group/dunn-capital-management/program/world-monetary-and-agriculture-program-wma-
https://www.iasg.com/en-us/groups/group/seven-capital-management/program/seven-absolute-return
https://www.iasg.com/en-us/groups/group/aspect-capital2/program/aspect-diversified-fund-class-a-usd-
https://www.iasg.com/en-us/groups/group/transtrend/program/dtp-enhanced-risk-usd-
https://www.iasg.com/en-us/groups/group/persistent-capital-management/program/global-diversified-program
https://www.iasg.com/en-us/groups/group/transtrend/program/dtp-enhanced-risk-eur-
https://www.iasg.com/en-us/groups/group/sandpiper-asset-management/program/sandpiper-global-macro-program
https://www.iasg.com/en-us/groups/group/eclipse-capital-management/program/global-monetary
https://www.iasg.com/en-us/groups/group/great-o-neill-ltd/program/great-o-neill-proprietary-
https://www.iasg.com/en-us/groups/group/parizek-capital/program/futures-trading-program
https://www.iasg.com/en-us/groups/group/typhon-capital-management-llc/program/leonidas-macro-fund
https://www.iasg.com/en-us/groups/group/emc-capital-advisors-llc/program/emc-alpha-plus-program
https://www.iasg.com/en-us/groups/group/quest-partners-llc/program/quest-tracker-index-program-qti-
https://www.iasg.com/en-us/groups/group/asset-management-by-windsor-securities2/program/non-correlated-all-class-growth-strategy-mac-
https://www.iasg.com/en-us/groups/group/linnis/program/linnis-one-lp
https://www.iasg.com/en-us/groups/group/auspice-capital-advisors-ltd/program/auspice-diversified-program
https://www.iasg.com/en-us/groups/group/talenta-capital-llp/program/cta
https://www.iasg.com/en-us/groups/group/auspice-capital-advisors-ltd/program/auspice-managed-futures-excess-return-index
https://www.iasg.com/en-us/groups/group/global-bayesian-dynamics-llc/program/risk-parity-proprietary-
https://www.iasg.com/en-us/groups/group/auspice-capital-advisors-ltd/program/auspice-broad-commodity-excess-return-index
https://www.iasg.com/en-us/groups/group/strategic-capital-advisors-llc/program/cross-asset-program
https://www.iasg.com/en-us/groups/group/absolute-return-capital-management/program/arcm-ionic-strategy
https://www.iasg.com/en-us/groups/group/drury-capital/program/diversified-trend-following-program
https://www.iasg.com/en-us/groups/group/global-bayesian-dynamics-llc/program/multi-strategy-client-proprietary-please-see-strategy-summary-
https://www.iasg.com/en-us/groups/group/spreadedge-capital-llc/program/agriculture-seasonal-spreads
https://www.iasg.com/en-us/groups/group/welton-investment-partners/program/welton-global
https://www.iasg.com/en-us/groups/group/quantica-capital-ag/program/quantica-managed-futures
https://www.iasg.com/en-us/groups/group/talenta-capital-llp/program/multi-strategy
https://www.iasg.com/en-us/groups/group/quantica-capital-ag/program/1x-quantica-managed-futures-fund
https://www.iasg.com/en-us/groups/group/superfund-group/program/superfund-green-master
https://www.iasg.com/en-us/groups/group/southwest-managed-investments-llc/program/-global-diversified
https://www.iasg.com/en-us/groups/group/auspice-capital-advisors-ltd/program/auspice-tactical-futures-program-atfp-
https://www.iasg.com/en-us/groups/group/isam/program/isam-systematic-trend-levitas-
https://www.iasg.com/en-us/groups/group/transtrend/program/dtp-standard-risk-eur-
https://www.iasg.com/en-us/groups/group/gammaq/program/breckhurst-commodity-fund-cayman-lp
https://www.iasg.com/en-us/groups/group/vortex/program/currency-program
https://www.iasg.com/en-us/groups/group/gammaq/program/breckhurst-commodity-fund
https://www.iasg.com/en-us/groups/group/mesirow-financial-investment-management-inc-/program/extended-markets-alpha-program
https://www.iasg.com/en-us/groups/group/ramsey-quantitative-systems/program/rqsi-systematic-global-macro-fund
https://www.iasg.com/en-us/groups/group/kaiser-trading-group/program/kaiser-global-diversified-program-class-a
https://www.iasg.com/en-us/groups/group/kaiser-trading-group/program/kaiser-trading-fund-2x-spc-share-class-a
https://www.iasg.com/en-us/groups/group/covenant-capital-management/program/hedged-equity-program
https://www.iasg.com/en-us/groups/group/eagle-trading-systems-inc-/program/eagle-customized-trend
https://www.iasg.com/en-us/groups/group/john-locke-investments/program/cyril-systematic-ucits-fund
https://www.iasg.com/en-us/groups/group/john-locke-investments/program/cyril-systematic-program
https://www.iasg.com/en-us/groups/group/statar-capital-llc/program/natural-gas-strategy
https://www.iasg.com/en-us/groups/group/keyquant/program/key-trends
https://www.iasg.com/en-us/groups/group/volt-capital-management-ab/program/diversified-alpha-program
https://www.iasg.com/en-us/groups/group/kaiser-trading-group/program/kaiser-global-diversified-program-class-b
https://www.iasg.com/en-us/groups/group/kaiser-trading-group/program/kaiser-trading-fund-2x-spc-share-class-b
https://www.iasg.com/en-us/groups/group/davis-commodities-llc/program/davis-trading-program
https://www.iasg.com/en-us/groups/group/trigon-investment-advisors-llc/program/discretionary-macro-program
https://www.iasg.com/en-us/groups/group/endeavour-capital-llp/program/endeavour-pembroke
https://www.iasg.com/en-us/groups/group/typhon-capital-management-llc/program/plutus-grain-strategy
https://www.iasg.com/en-us/groups/group/typhon-capital-management-llc/program/proteus-dynamic-volatility-program
https://www.iasg.com/en-us/groups/group/typhon-capital-management-llc/program/leonidas-energy-program
https://www.iasg.com/en-us/groups/group/typhon-capital-management-llc/program/leonidas-macro-fund
https://www.iasg.com/en-us/groups/group/typhon-capital-management-llc/program/zephyrus-livestock-strategy
https://www.iasg.com/en-us/groups/group/typhon-capital-management-llc/program/mercurio-quantitative-program
https://www.iasg.com/en-us/groups/group/r-g-niederhoffer-capital-management-inc/program/diversified-program2
https://www.iasg.com/en-us/groups/group/silicon-valley-quantitative-advisors/program/uqp
https://www.iasg.com/en-us/groups/group/silicon-valley-quantitative-advisors/program/uqp-large
https://www.iasg.com/en-us/groups/group/silicon-valley-quantitative-advisors/program/uqp-small
https://www.iasg.com/en-us/groups/group/white-river-group/program/stock-index-option-writing-strategy
https://www.iasg.com/en-us/groups/group/white-river-group/program/dynamic-s-p-options-strategy
https://www.iasg.com/en-us/groups/group/resolve-asset-management-inc-/program/adaptive-asset-allocation-20v
https://www.iasg.com/en-us/groups/group/ids-capital/program/ids-f-f-systematic-trading
https://www.iasg.com/en-us/groups/group/w-g-wealth-guardian-ltd-/program/safi2-program-safi2-
https://www.iasg.com/en-us/groups/group/w-g-wealth-guardian-ltd-/program/trend-fix-portfolio-tfp-
https://www.iasg.com/en-us/groups/group/w-g-wealth-guardian-ltd-/program/strategic-volatility-returns-program-svrp-
https://www.iasg.com/en-us/groups/group/w-g-wealth-guardian-ltd-/program/qt-program-qtp-
https://www.iasg.com/en-us/groups/group/w-g-wealth-guardian-ltd-/program/gamma-volatility-ratio-program-gvrp-
https://www.iasg.com/en-us/groups/group/w-g-wealth-guardian-ltd-/program/strategic-volatility-master-program-svmp-
https://www.iasg.com/en-us/groups/group/w-g-wealth-guardian-ltd-/program/strategic-enhanced-sp500-program-sesp-
https://www.iasg.com/en-us/groups/group/quantica-capital-ag/program/quantica-managed-futures
https://www.iasg.com/en-us/groups/group/quantica-capital-ag/program/1x-quantica-managed-futures-fund
https://www.iasg.com/en-us/groups/group/quantica-capital-ag/program/2x-quantica-managed-futures-fund
https://www.iasg.com/en-us/groups/group/gt-capital-cta/program/gt-capital-cta
https://www.iasg.com/en-us/groups/group/gt-capital-cta/program/gt-systematic-day-trading-program
https://www.iasg.com/en-us/groups/group/greenwave-capital-management1/program/greenwave-flagship-plus
https://www.iasg.com/en-us/groups/group/greenwave-capital-management1/program/greenwave-flagship-plus-2x
https://www.iasg.com/en-us/groups/group/adalpha-asset-management-llc/program/adalpha-diversified-short-term-program
https://www.iasg.com/en-us/groups/group/global-sigma-group-llc/program/agsf
https://www.iasg.com/en-us/groups/group/global-sigma-group-llc/program/global-sigma-equity-advantage-ii-gsea-ii-
https://www.iasg.com/en-us/groups/group/global-sigma-group-llc/program/gsf-mult-strategy
https://www.iasg.com/en-us/groups/group/metolius-capital-llc/program/metolius-enhanced-fund
https://www.iasg.com/en-us/groups/group/county-cork-llc/program/rla-i-
https://www.iasg.com/en-us/groups/group/county-cork-llc/program/county-cork-acclivity-program
https://www.iasg.com/en-us/groups/group/county-cork-llc/program/county-cork-macro-equity-hedge
https://www.iasg.com/en-us/groups/group/blake-capital-management-inc-/program/srd-currencies
https://www.iasg.com/en-us/groups/group/purple-valley-capital-inc-/program/diversified-trend-1
https://www.iasg.com/en-us/groups/group/fort-lp2/program/fort-global-contrarian
https://www.iasg.com/en-us/groups/group/fort-lp2/program/fort-global-diversified
https://www.iasg.com/en-us/groups/group/fort-lp2/program/global-futures-program-formerly-global-diversified-classic-
https://www.iasg.com/en-us/groups/group/incline-investment-management-llc/program/crystal-bay-ubitrend2
https://www.iasg.com/en-us/groups/group/ditsch-trading-llc/program/agricultural-trading-program
https://www.iasg.com/en-us/groups/group/schindler-capital-management-llc/program/dairy-advantage-program
https://www.iasg.com/en-us/groups/group/opus-futures-llc/program/advanced-ag-futures-trading-program
https://www.iasg.com/en-us/groups/group/opus-futures-llc/program/opus-macro-monitor-proprietary-
https://www.iasg.com/en-us/groups/group/smn-investment-services-gmbh/program/smn-diversified-futures-fund-1996-
https://www.iasg.com/en-us/groups/group/smn-investment-services-gmbh/program/smn-diversified-futures-fund-i14-
https://www.iasg.com/en-us/groups/group/smn-investment-services-gmbh/program/structural-alpha-trend
https://www.iasg.com/en-us/groups/group/stein-investment-management/program/trading-evolution
https://www.iasg.com/en-us/groups/group/superfund-group/program/superfund-green-master
https://www.iasg.com/en-us/groups/group/superfund-group/program/gold-a-spc
https://www.iasg.com/en-us/groups/group/superfund-group/program/gold-b-spc
https://www.iasg.com/en-us/groups/group/southwest-managed-investments-llc/program/-global-diversified
https://www.iasg.com/en-us/groups/group/keyquant/program/key-trends
https://www.iasg.com/en-us/groups/group/isam/program/isam-systematic-trend-levitas-
https://www.iasg.com/en-us/groups/group/melissinos-trading/program/eupatrid-global-trends
https://www.iasg.com/en-us/groups/group/mesirow-financial-investment-management-inc-/program/asian-markets-alpha-program
https://www.iasg.com/en-us/groups/group/mesirow-financial-investment-management-inc-/program/emerging-markets-currency-alpha-programme
https://www.iasg.com/en-us/groups/group/mesirow-financial-investment-management-inc-/program/extended-markets-alpha-program
https://www.iasg.com/en-us/groups/group/mesirow-financial-investment-management-inc-/program/systematic-macro-strategy
https://www.iasg.com/en-us/groups/group/bocken-trading-llc/program/discretionary-trading-program
https://www.iasg.com/en-us/groups/group/sct-capital-management2/program/the-adaptive-quant-trading-aqt-program
https://www.iasg.com/en-us/groups/group/sinopac-asset-management3/program/sinopac-multi-strategy-quant-fund
https://www.iasg.com/en-us/groups/group/deltahedge/program/dh-nix-alpha-program
https://www.iasg.com/en-us/groups/group/deltahedge/program/dh-styx
https://www.iasg.com/en-us/groups/group/hasafuma/program/hedgehog
https://www.iasg.com/en-us/groups/group/hasafuma/program/fx-momentum
https://www.iasg.com/en-us/groups/group/hasafuma/program/micro-macro
https://www.iasg.com/en-us/groups/group/hasafuma/program/gourishankar
https://www.iasg.com/en-us/groups/group/hasafuma/program/la-cucaracha-
https://www.iasg.com/en-us/groups/group/hasafuma/program/heavy-metal
https://www.iasg.com/en-us/groups/group/salus-alpha-capital-ltd/program/salus-alpha-directional-markets-dmx-
https://www.iasg.com/en-us/groups/group/salus-alpha-capital-ltd/program/salus-alpha-commodity-arbitrage-cax-
https://www.iasg.com/en-us/groups/group/salus-alpha-capital-ltd/program/salus-alpha-global-alpha-gax-
https://www.iasg.com/en-us/groups/group/deep-field-capital-ag/program/intraday-crisis-alpha-program-ica-
https://www.iasg.com/en-us/groups/group/deep-field-capital-ag/program/systematic-volatility-arbitrage-program-volarb-
https://www.iasg.com/en-us/groups/group/deep-field-capital-ag/program/intraday-convexity-capture-icc-
https://www.iasg.com/en-us/groups/group/coloma-capital-futures-r-llc/program/coloma-commodity-strategy
https://www.iasg.com/en-us/groups/group/coloma-capital-futures-r-llc/program/hedged-volatility-strategy
https://www.iasg.com/en-us/groups/group/camkay-capital-management-llc/program/crisis-alpha-intraday
https://www.iasg.com/en-us/groups/group/soaring-pelican-llc/program/diversified-s-p-program
https://www.iasg.com/en-us/groups/group/urban-tree-capital-llc/program/double-alpha-100
https://www.iasg.com/en-us/groups/group/third-street-ag-investments-llc2/program/fundamental-discretionary-ag
https://www.iasg.com/en-us/groups/group/aquantum-/program/aquantum-commodity-spread-program-acs-
https://www.iasg.com/en-us/groups/group/aquantum-/program/acs-energies
https://www.iasg.com/en-us/groups/group/qms-capital-management-lp/program/qms-diversified-global-macro-strategy-
https://www.iasg.com/en-us/groups/group/qms-capital-management-lp/program/qms-financials-only-global-macro-strategy
https://www.iasg.com/en-us/groups/group/martin-fund-management-llc/program/martin-options-program2
https://www.iasg.com/en-us/groups/group/sandpiper-asset-management/program/sandpiper-global-macro-program
https://www.iasg.com/en-us/groups/group/future-trade-ag/program/thales-swing-trading-programme
https://www.iasg.com/en-us/groups/group/demeter-capital-management/program/livestock-grain-trading-program
https://www.iasg.com/en-us/groups/group/warrington-asset-management/program/warrington-strategic-program
https://www.iasg.com/en-us/groups/group/warrington-asset-management/program/tactical-program-proprietary-
https://www.iasg.com/en-us/groups/group/warrington-asset-management/program/tactical-program-client
https://www.iasg.com/en-us/groups/group/goldman-management-inc/program/stock-index-futures-prop-
https://www.iasg.com/en-us/groups/group/goldman-management-inc/program/stock-index-futures
https://www.iasg.com/en-us/groups/group/vortex/program/currency-program
https://www.iasg.com/en-us/groups/group/double-helix-capital-management/program/double-helix
https://www.iasg.com/en-us/groups/group/hpx-financial-llc/program/hpx-old-school-program
https://www.iasg.com/en-us/groups/group/worldwide-capital-strategies/program/profit-quest-macro-world
https://www.iasg.com/en-us/groups/group/seven-capital-management/program/seven-absolute-return
https://www.iasg.com/en-us/groups/group/blue-diamond-asset-management/program/blue-diamond-non-directional-strategy
https://www.iasg.com/en-us/groups/group/turk-capital-llc/program/us-equity-long-short-strategy2
https://www.iasg.com/en-us/groups/group/turk-capital-llc/program/us-market-hedge-strategy
https://www.iasg.com/en-us/groups/group/tomas-capital-pty-ltd/program/gcaf-aud-managed-by-tomas-capital-australia-pty-ltd-
https://www.iasg.com/en-us/groups/group/tomas-capital-pty-ltd/program/gcaf-usd
https://www.iasg.com/en-us/groups/group/talenta-capital-llp/program/cta
https://www.iasg.com/en-us/groups/group/talenta-capital-llp/program/multi-strategy
https://www.iasg.com/en-us/groups/group/spring-valley-asset-management-svam-/program/svam-tactical-trend-portfolio
https://www.iasg.com/en-us/groups/group/tianyou-asset-management-llc/program/tianyou-fund-lp
https://www.iasg.com/en-us/groups/group/candriam-investors-group/program/candriam-diversified-futures-i-part-c-
https://www.iasg.com/en-us/groups/group/candriam-investors-group/program/absolute-return-equity-market-neutral-c
https://www.iasg.com/en-us/groups/group/glendorn-capital-management-llc/program/multiweek-trading-strategy
https://www.iasg.com/en-us/groups/group/glendorn-capital-management-llc/program/multiweek-enhanced-
https://www.iasg.com/en-us/groups/group/vivienne-investissement/program/ouessant-ucits-fund-a-
https://www.iasg.com/en-us/groups/group/vivienne-investissement/program/mach-3
https://www.iasg.com/en-us/groups/group/linnis/program/linnis-one-lp
https://www.iasg.com/en-us/groups/group/qts-capital-management-llc/program/tail-reaper
https://www.iasg.com/en-us/groups/group/qts-capital-management-llc/program/vix-timer
https://www.iasg.com/en-us/groups/group/qts-capital-management-llc/program/chimera
https://www.iasg.com/en-us/groups/group/blue-bar-futures-trading-management-llc/program/blue-bar-prime-ag-program
https://www.iasg.com/en-us/groups/group/blue-bar-futures-trading-management-llc/program/u-s-commodity-diversified-program
https://www.iasg.com/en-us/groups/group/wharton-capital-management/program/wharton-ag-futures-program
https://www.iasg.com/en-us/groups/group/m-r-capital-llc/program/livestock-trading-program
https://www.iasg.com/en-us/groups/group/automaton-trading-llc/program/diversified
https://www.iasg.com/en-us/groups/group/eagle-trading-systems-inc-/program/eagle-customized-trend
https://www.iasg.com/en-us/groups/group/nickjen-capital-management-consultants-llc/program/nrd-1
https://www.iasg.com/en-us/groups/group/certeza-asset-management-/program/macro-vega
https://www.iasg.com/en-us/groups/group/certeza-asset-management-/program/macro-vega-fund
https://www.iasg.com/en-us/groups/group/carbide-capital-inc-/program/carbide-absolute-return-program
https://www.iasg.com/en-us/groups/group/carbide-capital-inc-/program/carbide-hedge-progam
https://www.iasg.com/en-us/groups/group/dormouse-limited/program/dormouse-managed-account
https://www.iasg.com/en-us/groups/group/dormouse-limited/program/dormouse-fund-b-shares
https://www.iasg.com/en-us/groups/group/dormouse-limited/program/dormouse-fund-a-shares
https://www.iasg.com/en-us/groups/group/r-best-llc/program/private-client-institutional
https://www.iasg.com/en-us/groups/group/orbits-venture-inc-/program/risk-sigma-program-no-2
https://www.iasg.com/en-us/groups/group/orgone-commodity-management-llc/program/orgone-ag-1
https://www.iasg.com/en-us/groups/group/dynamica-global-investments-/program/dynamica-commodity-trading-strategy
https://www.iasg.com/en-us/groups/group/prolific-capital-markets-llc/program/prolific-swiss-system
https://www.iasg.com/en-us/groups/group/gammaq/program/breckhurst-commodity-fund
https://www.iasg.com/en-us/groups/group/gammaq/program/breckhurst-commodity-fund-cayman-lp
https://www.iasg.com/en-us/groups/group/evergreen-commodity-advisors-llc/program/discretionary
https://www.iasg.com/en-us/groups/group/bensboro-advisors-llc/program/seasonal-spread-trading-program
https://www.iasg.com/en-us/groups/group/sector-arc-advisors/program/global-lean-hog-ag
https://www.iasg.com/en-us/groups/group/buckingham-global-advisors-llc/program/weekly-emini-program
https://www.iasg.com/en-us/groups/group/buckingham-global-advisors-llc/program/small-emini-program
https://www.iasg.com/en-us/groups/group/ag-capital-management-partners-lp/program/discretionary-global-macro-program
https://www.iasg.com/en-us/groups/group/macrocapital-limited/program/macrocapital-adaptive-volatility-strategy
https://www.iasg.com/en-us/groups/group/amapa-capital-advisors-llc/program/energy-program
https://www.iasg.com/en-us/groups/group/cayler-capital-llc/program/systematic-energy-diversified
https://www.iasg.com/en-us/groups/group/tom-capital-ag/program/tom-capital-growth-fund
https://www.iasg.com/en-us/groups/group/episteme-capital-partners-uk-llp/program/episteme-systematic-quest-esq-composite
https://www.iasg.com/en-us/groups/group/episteme-capital-partners-uk-llp/program/episteme-systematic-quest-tr-esqtr-composite
https://www.iasg.com/en-us/groups/group/orion-capital-advisors/program/orion-beta-opportunity-strategy-proprietary-
https://www.iasg.com/en-us/groups/group/orion-capital-advisors/program/orion-beta-opportunity-strategy-client-
https://www.iasg.com/en-us/groups/group/aspect-capital2/program/aspect-diversified-fund-class-a-usd-
https://www.iasg.com/en-us/groups/group/ravinia-investment-management/program/algorithmic-multi-strategy
https://www.iasg.com/en-us/groups/group/mercantile-analytics-and-trading-llc/program/global-diversified-commodity-program-prop-
https://www.iasg.com/en-us/groups/group/rcube-asset-management/program/rcube-defensive-asset-allocation
https://www.iasg.com/en-us/groups/group/glenhaven-capital-llc/program/glenhaven-global-ii-lp
https://www.iasg.com/en-us/groups/group/rcube-asset-management/program/aquanthus-premia-program
https://www.iasg.com/en-us/groups/group/rcube-asset-management/program/ai-for-capital-program
https://www.iasg.com/en-us/groups/group/rcube-asset-management/program/walnut-singularity
https://www.iasg.com/en-us/groups/group/h2o-am-llp/program/arctic-blue-inuvik
https://www.iasg.com/en-us/groups/group/h2o-am-llp/program/force-10-usd-
https://www.iasg.com/en-us/groups/group/asset-management-by-windsor-securities2/program/non-correlated-all-class-growth-strategy-mac-
https://www.iasg.com/en-us/groups/group/asset-management-by-windsor-securities2/program/triple-advantage-strategy-mtas-
https://www.iasg.com/en-us/groups/group/asset-management-by-windsor-securities2/program/mfip-broad-heuristic-tactical-strategy-mbht-
https://www.iasg.com/en-us/groups/group/great-o-neill-ltd/program/great-o-neill-proprietary-
https://www.iasg.com/en-us/groups/group/rcma-capital-llp-/program/merchant-commodity-fund
https://www.iasg.com/en-us/groups/group/orion-asset-management/program/algorithmic-trading-program
https://www.iasg.com/en-us/groups/group/princeton-investments-and-technologies-llc/program/commodity-arbitrage-plus
https://www.iasg.com/en-us/groups/group/lyons-trading-group/program/lats-proprietary-
https://www.iasg.com/en-us/groups/group/lyons-trading-group/program/lats-client-
https://www.iasg.com/en-us/groups/group/breakout-funds/program/breakout-funds-propeller-program
https://www.iasg.com/en-us/groups/group/caerus-group/program/oil-program
https://www.iasg.com/en-us/groups/group/davis-commodities-llc/program/davis-trading-program
https://www.iasg.com/en-us/groups/group/arion-investment-management/program/arion-copper-arbitrage-
https://www.iasg.com/en-us/groups/group/anderson-creek-trading/program/standard-diversified-strategy-prop-
https://www.iasg.com/en-us/groups/group/anderson-creek-trading/program/standard-diversified-strategy
https://www.iasg.com/en-us/groups/group/nwone-llc/program/nwone-diversified-strategy
https://www.iasg.com/en-us/groups/group/514-capital-partners/program/514-fund
https://www.iasg.com/en-us/groups/group/crediton-hill-llc/program/crediton-hill-managed-account-program
https://www.iasg.com/en-us/groups/group/schot-capital/program/multi-diversified-program
https://www.iasg.com/en-us/groups/group/rtm-capital-advisors/program/rtm-core-indices-plus-strategy3
https://www.iasg.com/en-us/groups/group/pawberry-llc/program/multistrat-program
https://www.iasg.com/en-us/groups/group/praus-capital-management-llc3/program/pcm-quantitative-strategies-i-p-c-
https://www.iasg.com/en-us/groups/group/spreadedge-capital-llc/program/diversified-seasonal-spreads
https://www.iasg.com/en-us/groups/group/spreadedge-capital-llc/program/agriculture-seasonal-spreads
https://www.iasg.com/en-us/groups/group/applied-investments-llc/program/alphavol
https://www.iasg.com/en-us/groups/group/brisslen-capital-management-llc/program/brisslen-energy-strategy-proprietary
https://www.iasg.com/en-us/groups/group/brisslen-capital-management-llc/program/brisslen-energy-strategy-client
https://www.iasg.com/en-us/groups/group/361-capital-llc/program/-361-managed-futures-strategy-fund
https://www.iasg.com/en-us/groups/group/361-capital-llc/program/361-global-managed-futures-strategy-fund
https://www.iasg.com/en-us/groups/group/j8-capital-management-llp/program/j8-global-absolute-return-strategy
https://www.iasg.com/en-us/groups/group/j8-capital-management-llp/program/commodity-term-structure-arbitrage-strategy
https://www.iasg.com/en-us/groups/group/statar-capital-llc/program/natural-gas-strategy
https://www.iasg.com/en-us/groups/group/genio-capital-ltd-/program/genio-primo-systematic-macro-program
https://www.iasg.com/en-us/groups/group/marketcipher-partners-llc/program/marketcipher-partners-llc
https://www.iasg.com/en-us/groups/group/panima-capital-management-limited/program/panima-diversified-futures
https://www.iasg.com/en-us/groups/group/plotinus-asset-management-llc/program/plotinus-2pi-index-hunter
https://www.iasg.com/en-us/groups/group/northern-capital-partners-llc/program/spread-program-
https://www.iasg.com/en-us/groups/group/quality-capital-management-ltd-/program/global-diversified-programme
https://www.iasg.com/en-us/groups/group/insch-kintore-ltd/program/insch-kintore
https://www.iasg.com/en-us/groups/group/eamon-capital/program/zephyr-program
https://www.iasg.com/en-us/groups/group/pearl-capital-advisors-llc/program/hedged-vix-program
https://www.iasg.com/en-us/groups/group/pearl-capital-advisors-llc/program/tactical-growth
https://www.iasg.com/en-us/groups/group/pearl-capital-advisors-llc/program/dry-powder
https://www.iasg.com/en-us/groups/group/buttonwood-llc/program/energy-diversified-1
https://www.iasg.com/en-us/groups/group/leibniz-group/program/systematic-intelligence-vol-10
https://www.iasg.com/en-us/groups/group/leibniz-group/program/swarm
https://www.iasg.com/en-us/groups/group/leibniz-group/program/everest-
https://www.iasg.com/en-us/groups/group/leibniz-group/program/grab-
https://www.iasg.com/en-us/groups/group/profitscore-capital-management/program/long-short-us-treasury
https://www.iasg.com/en-us/groups/group/o-brien-investment-group/program/quantitative-global-macro-futures-program
https://www.iasg.com/en-us/groups/group/sigma-advanced-capital-management-llc/program/global-advanced-futures-and-spread-program-qep-
https://www.iasg.com/en-us/groups/group/sigma-advanced-capital-management-llc/program/carbon-neutral-alpha-program
https://www.iasg.com/en-us/groups/group/astute-capital-group-llc/program/pulse-program
https://www.iasg.com/en-us/groups/group/triaxiom-capital-llc/program/global-symmetry-fund
https://www.iasg.com/en-us/groups/group/qdra-pty-ltd/program/qdra-dynamic-macro
https://www.iasg.com/en-us/groups/group/pan-capital-management/program/pan-capital-energy-strategy-nat-gas-
https://www.iasg.com/en-us/groups/group/rosetta-analytics-inc-/program/dl-one
https://www.iasg.com/en-us/groups/group/rosetta-analytics-inc-/program/dl-two
https://www.iasg.com/en-us/groups/group/rosetta-analytics-inc-/program/rl-one-s-p-500-long-short-
https://www.iasg.com/en-us/groups/group/algocentric-capital-llc/program/algo-ii-program
https://www.iasg.com/en-us/groups/group/algocentric-capital-llc/program/algo-i
https://www.iasg.com/en-us/groups/group/dcm-systematic/program/diversified-alpha
https://www.iasg.com/en-us/groups/group/tendance-finance2/program/tendance-finance-fund
https://www.iasg.com/en-us/groups/group/volt-capital-management-ab/program/diversified-alpha-program
https://www.iasg.com/en-us/groups/group/shepherd-energy-ab/program/shepherd-energy-portfolio
https://www.iasg.com/en-us/groups/group/gzc-investment-management-ag/program/gzc-strategic-commodities-fund-scf-
https://www.iasg.com/en-us/groups/group/numberline-capital-partners-llc/program/numberline-macro-risk-program
https://www.iasg.com/en-us/groups/group/trident-capital-management-llc/program/trident-futures-fund-lp
https://www.iasg.com/en-us/groups/group/sysmatic-trading-solutions-llc/program/global-hedge-plus
https://www.iasg.com/en-us/groups/group/ap-futures-llc/program/volatility-trading-program
https://www.iasg.com/en-us/groups/group/sizemore-capital-management-llc/program/blue-orbit-capital-mgmt
https://www.iasg.com/en-us/groups/group/six-alpha-capital-advisors-llc2/program/six-alpha-es-program
https://www.iasg.com/en-us/groups/group/tarpon-trading/program/altair-fx-alpha-macro
https://www.iasg.com/en-us/groups/group/cazadores-investments-limited/program/cazadores-commodity-alpha
https://www.iasg.com/en-us/groups/group/120-capital-management/program/quantamental-global-macro
https://www.iasg.com/en-us/groups/group/geosol-capital-llc2/program/geosol-trading-program
https://www.iasg.com/en-us/groups/group/quantumrock/program/quantumrock-vsop
https://www.iasg.com/en-us/groups/group/meyers-capital-management-llc/program/meyers-capital-management-llc2
https://www.iasg.com/en-us/groups/group/cp-capital-llc/program/commodity-process-strategy
https://www.iasg.com/en-us/groups/group/adg-capital-management2/program/adg-systematic-macro
https://www.iasg.com/en-us/groups/group/absolute-return-capital-management/program/arcm-ionic-strategy
https://www.iasg.com/en-us/groups/group/absolute-return-capital-management/program/diversified-momentum-strategy
https://www.iasg.com/en-us/groups/group/apr-management-llc/program/es-vix-program-prop-
https://www.iasg.com/en-us/groups/group/equity-armor-investments-llc/program/armor-alpha
https://www.iasg.com/en-us/groups/group/rqm-capital-partners/program/rqm-partners-lp
https://www.iasg.com/en-us/groups/group/equidex-incorporated-/program/portfolio-enhancement-program
https://www.iasg.com/en-us/groups/group/blackbird-asset-management/program/blackbird-alpha-spread-1x-legal-name-blackbird-alpha-llc-series-2-
https://www.iasg.com/en-us/groups/group/t24-capital/program/t24-capital-ii
https://www.iasg.com/en-us/groups/group/t24-capital/program/t24-capital-i
https://www.iasg.com/en-us/groups/group/leibniz-group/program/systematic-intelligence-vol-20
https://www.iasg.com/en-us/groups/group/leibniz-group/program/systematic-intelligence-vol-30
https://www.iasg.com/en-us/groups/group/mcmillan-asset-management/program/volatility-capture-cta
https://www.iasg.com/en-us/groups/group/rcube-asset-management/program/rcube-genio-capital-systematic-macro
https://www.iasg.com/en-us/groups/group/candriam-investors-group/program/alternative-return-systemat
https://www.iasg.com/en-us/groups/group/seb-asset-management/program/seb-asset-selection-fund-c-eur-
https://www.iasg.com/en-us/groups/group/seb-asset-management/program/seb-asset-selection-opportunistic-fund-c-eur-
https://www.iasg.com/en-us/groups/group/ecamos-capital-ag/program/ecamos-volatility-strategy2
https://www.iasg.com/en-us/groups/group/atp-capital-management-llc/program/granularity-alpha
https://www.iasg.com/en-us/groups/group/kessler-investment-advisors-inc-/program/kessler-cornerstone-absolute-return-strategy
https://www.iasg.com/en-us/groups/group/gregory-p-asset-management-llc/program/seasonal-spread-and-options-strategy
https://www.iasg.com/en-us/groups/group/gregory-p-asset-management-llc/program/alternative-multi-strategy
https://www.iasg.com/en-us/groups/group/caddo-capital-management-llc/program/caddo-tactical-diversification-program
https://www.iasg.com/en-us/groups/group/capital-fund-management-s-a-/program/discus-feeder-limited-class-c-usd-1-5x
https://www.iasg.com/en-us/groups/group/capital-fund-management-s-a-/program/discus-feeder-limited-class-d-eur-1x
https://www.iasg.com/en-us/groups/group/capital-fund-management-s-a-/program/discus-feeder-limited-class-e-eur-2x
https://www.iasg.com/en-us/groups/group/capital-fund-management-s-a-/program/cfm-is-trends-fund-lp-series-1-usd-10-volatility-
https://www.iasg.com/en-us/groups/group/superfund-group/program/superfund-green-q-ag
https://www.iasg.com/en-us/groups/group/tlaloc-capital-llc/program/grains-program
https://www.iasg.com/en-us/groups/group/typhon-capital-management-llc/program/vulcan-metals-strategy
https://www.iasg.com/en-us/groups/group/rosetta-capital-management/program/rosetta-trading-program
https://www.iasg.com/en-us/groups/group/rosetta-capital-management/program/macro-program